start_seconds,end_seconds,start_timecode,end_timecode
0.0,10.0,00:00:00.000,00:00:10.000
20.0,50.0,00:00:20.000,00:00:50.000
80.0,110.0,00:01:20.000,00:01:50.000
170.0,180.0,00:02:50.000,00:03:00.000
200.0,210.0,00:03:20.000,00:03:30.000
230.0,240.0,00:03:50.000,00:04:00.000
340.0,370.0,00:05:40.000,00:06:10.000
490.0,500.0,00:08:10.000,00:08:20.000
520.0,540.0,00:08:40.000,00:09:00.000
570.0,580.0,00:09:30.000,00:09:40.000
600.0,620.0,00:10:00.000,00:10:20.000
640.0,690.0,00:10:40.000,00:11:30.000
770.0,780.0,00:12:50.000,00:13:00.000
790.0,800.0,00:13:10.000,00:13:20.000
820.0,830.0,00:13:40.000,00:13:50.000
840.0,860.0,00:14:00.000,00:14:20.000
880.0,900.0,00:14:40.000,00:15:00.000
1130.0,1140.0,00:18:50.000,00:19:00.000
1280.0,1310.0,00:21:20.000,00:21:50.000
1380.0,1430.0,00:23:00.000,00:23:50.000
1480.0,1500.0,00:24:40.000,00:25:00.000
1850.0,1860.0,00:30:50.000,00:31:00.000
1890.0,1900.0,00:31:30.000,00:31:40.000
1930.0,1950.0,00:32:10.000,00:32:30.000
1960.0,1980.0,00:32:40.000,00:33:00.000
1990.0,2020.0,00:33:10.000,00:33:40.000
2040.0,2060.0,00:34:00.000,00:34:20.000
2140.0,2180.0,00:35:40.000,00:36:20.000
2220.0,2230.0,00:37:00.000,00:37:10.000
2280.0,2290.0,00:38:00.000,00:38:10.000
2300.0,2310.0,00:38:20.000,00:38:30.000
2400.0,2410.0,00:40:00.000,00:40:10.000
2420.0,2450.0,00:40:20.000,00:40:50.000
2660.0,2670.0,00:44:20.000,00:44:30.000
2680.0,2720.0,00:44:40.000,00:45:20.000
2840.0,2850.0,00:47:20.000,00:47:30.000
2900.0,2940.0,00:48:20.000,00:49:00.000
2960.0,2970.0,00:49:20.000,00:49:30.000
2980.0,2990.0,00:49:40.000,00:49:50.000
3030.0,3040.0,00:50:30.000,00:50:40.000
3070.0,3080.0,00:51:10.000,00:51:20.000
3100.0,3110.0,00:51:40.000,00:51:50.000
3170.0,3200.0,00:52:50.000,00:53:20.000
3230.0,3260.0,00:53:50.000,00:54:20.000
3360.0,3370.0,00:56:00.000,00:56:10.000
3420.0,3430.0,00:57:00.000,00:57:10.000
3450.0,3460.0,00:57:30.000,00:57:40.000
3480.0,3490.0,00:58:00.000,00:58:10.000
3750.0,3760.0,01:02:30.000,01:02:40.000
3770.0,3800.0,01:02:50.000,01:03:20.000
3860.0,3890.0,01:04:20.000,01:04:50.000
4000.0,4020.0,01:06:40.000,01:07:00.000
4070.0,4080.0,01:07:50.000,01:08:00.000
4160.0,4170.0,01:09:20.000,01:09:30.000
4210.0,4240.0,01:10:10.000,01:10:40.000
4250.0,4270.0,01:10:50.000,01:11:10.000
4350.0,4450.0,01:12:30.000,01:14:10.000
4470.0,4480.0,01:14:30.000,01:14:40.000
4500.0,4510.0,01:15:00.000,01:15:10.000
4570.0,4580.0,01:16:10.000,01:16:20.000
4700.0,4720.0,01:18:20.000,01:18:40.000
4840.0,4850.0,01:20:40.000,01:20:50.000
4860.0,4870.0,01:21:00.000,01:21:10.000
4950.0,4960.0,01:22:30.000,01:22:40.000
5020.0,5030.0,01:23:40.000,01:23:50.000
5040.0,5050.0,01:24:00.000,01:24:10.000
5150.0,5160.0,01:25:50.000,01:26:00.000
5290.0,5300.0,01:28:10.000,01:28:20.000
5310.0,5320.0,01:28:30.000,01:28:40.000
5490.0,5500.0,01:31:30.000,01:31:40.000
5520.0,5530.0,01:32:00.000,01:32:10.000
5540.0,5600.0,01:32:20.000,01:33:20.000
5610.0,5620.0,01:33:30.000,01:33:40.000
5630.0,5640.0,01:33:50.000,01:34:00.000
5650.0,5660.0,01:34:10.000,01:34:20.000
5670.0,5700.0,01:34:30.000,01:35:00.000
5880.0,5890.0,01:38:00.000,01:38:10.000
6050.0,6070.0,01:40:50.000,01:41:10.000
6080.0,6100.0,01:41:20.000,01:41:40.000
6140.0,6170.0,01:42:20.000,01:42:50.000
6180.0,6190.0,01:43:00.000,01:43:10.000
6310.0,6330.0,01:45:10.000,01:45:30.000
6540.0,6550.0,01:49:00.000,01:49:10.000
6710.0,6750.0,01:51:50.000,01:52:30.000
6800.0,6810.0,01:53:20.000,01:53:30.000
6850.0,6870.0,01:54:10.000,01:54:30.000
6920.0,6950.0,01:55:20.000,01:55:50.000
7000.0,7010.0,01:56:40.000,01:56:50.000
7130.0,7140.0,01:58:50.000,01:59:00.000
7540.0,7550.0,02:05:40.000,02:05:50.000
7560.0,7570.0,02:06:00.000,02:06:10.000
7610.0,7650.0,02:06:50.000,02:07:30.000
7670.0,7700.0,02:07:50.000,02:08:20.000
7880.0,7890.0,02:11:20.000,02:11:30.000
8020.0,8050.0,02:13:40.000,02:14:10.000
8110.0,8130.0,02:15:10.000,02:15:30.000
8160.0,8190.0,02:16:00.000,02:16:30.000
8200.0,8220.0,02:16:40.000,02:17:00.000
8270.0,8280.0,02:17:50.000,02:18:00.000
8310.0,8320.0,02:18:30.000,02:18:40.000
8360.0,8370.0,02:19:20.000,02:19:30.000
8490.0,8500.0,02:21:30.000,02:21:40.000
8530.0,8560.0,02:22:10.000,02:22:40.000
8610.0,8640.0,02:23:30.000,02:24:00.000
8650.0,8660.0,02:24:10.000,02:24:20.000
8750.0,8760.0,02:25:50.000,02:26:00.000
8790.0,8810.0,02:26:30.000,02:26:50.000
9220.0,9230.0,02:33:40.000,02:33:50.000
9240.0,9260.0,02:34:00.000,02:34:20.000
9290.0,9300.0,02:34:50.000,02:35:00.000
9330.0,9340.0,02:35:30.000,02:35:40.000
9350.0,9380.0,02:35:50.000,02:36:20.000
9400.0,9440.0,02:36:40.000,02:37:20.000
9450.0,9460.0,02:37:30.000,02:37:40.000
9490.0,9510.0,02:38:10.000,02:38:30.000
9520.0,9540.0,02:38:40.000,02:39:00.000
9570.0,9590.0,02:39:30.000,02:39:50.000
9600.0,9620.0,02:40:00.000,02:40:20.000
9630.0,9640.0,02:40:30.000,02:40:40.000
9780.0,9830.0,02:43:00.000,02:43:50.000
9840.0,9850.0,02:44:00.000,02:44:10.000
9860.0,9870.0,02:44:20.000,02:44:30.000
9920.0,9930.0,02:45:20.000,02:45:30.000
9950.0,10010.0,02:45:50.000,02:46:50.000
10230.0,10240.0,02:50:30.000,02:50:40.000
10270.0,10280.0,02:51:10.000,02:51:20.000
10290.0,10330.0,02:51:30.000,02:52:10.000
10340.0,10370.0,02:52:20.000,02:52:50.000
10400.0,10410.0,02:53:20.000,02:53:30.000
10440.0,10450.0,02:54:00.000,02:54:10.000
10460.0,10470.0,02:54:20.000,02:54:30.000
10710.0,10740.0,02:58:30.000,02:59:00.000
10760.0,10790.0,02:59:20.000,02:59:50.000
10810.0,10840.0,03:00:10.000,03:00:40.000
10900.0,10940.0,03:01:40.000,03:02:20.000
