start_seconds,end_seconds,start_timecode,end_timecode,scientific_name,common_name,confidence,track
573.0,576.0,00:09:33.000,00:09:36.000,Anser anser,Graylag Goose,0.6281,1
615.0,618.0,00:10:15.000,00:10:18.000,Botaurus stellaris,Great Bittern,0.2701,1
643.0,646.0,00:10:43.000,00:10:46.000,Botaurus stellaris,Great Bittern,0.5602,1
646.0,649.0,00:10:46.000,00:10:49.000,Botaurus stellaris,Great Bittern,0.7349,1
658.0,661.0,00:10:58.000,00:11:01.000,Botaurus stellaris,Great Bittern,0.7985,1
679.0,682.0,00:11:19.000,00:11:22.000,Botaurus stellaris,Great Bittern,0.9064,1
682.0,685.0,00:11:22.000,00:11:25.000,Botaurus stellaris,Great Bittern,0.7981,1
685.0,688.0,00:11:25.000,00:11:28.000,Botaurus stellaris,Great Bittern,0.7197,1
880.0,883.0,00:14:40.000,00:14:43.000,Botaurus stellaris,Great Bittern,0.4998,1
1395.0,1398.0,00:23:15.000,00:23:18.000,Fulica atra,Eurasian Coot,0.3518,1
1416.0,1419.0,00:23:36.000,00:23:39.000,Pyrrhocorax pyrrhocorax,Red-billed Chough,0.8226,1
1425.0,1428.0,00:23:45.000,00:23:48.000,Pyrrhocorax pyrrhocorax,Red-billed Chough,0.266,1
1480.0,1483.0,00:24:40.000,00:24:43.000,Pyrrhocorax pyrrhocorax,Red-billed Chough,0.8656,1
1480.0,1483.0,00:24:40.000,00:24:43.000,Tadorna tadorna,Common Shelduck,0.3653,1
1483.0,1486.0,00:24:43.000,00:24:46.000,Pyrrhocorax pyrrhocorax,Red-billed Chough,0.9378,1
1486.0,1489.0,00:24:46.000,00:24:49.000,Pyrrhocorax pyrrhocorax,Red-billed Chough,0.9178,1
1489.0,1492.0,00:24:49.000,00:24:52.000,Pyrrhocorax pyrrhocorax,Red-billed Chough,0.9956,1
1495.0,1498.0,00:24:55.000,00:24:58.000,Pyrrhocorax pyrrhocorax,Red-billed Chough,0.4574,1
1853.0,1856.0,00:30:53.000,00:30:56.000,Pyrrhocorax pyrrhocorax,Red-billed Chough,0.6921,1
1856.0,1859.0,00:30:56.000,00:30:59.000,Fulica atra,Eurasian Coot,0.48,1
1890.0,1893.0,00:31:30.000,00:31:33.000,Pyrrhocorax pyrrhocorax,Red-billed Chough,0.868,1
1893.0,1896.0,00:31:33.000,00:31:36.000,Pyrrhocorax pyrrhocorax,Red-billed Chough,0.957,1
1930.0,1933.0,00:32:10.000,00:32:13.000,Corvus macrorhynchos,Large-billed Crow,0.6722,1
1936.0,1939.0,00:32:16.000,00:32:19.000,Pyrrhocorax pyrrhocorax,Red-billed Chough,0.6096,1
1942.0,1945.0,00:32:22.000,00:32:25.000,Pyrrhocorax pyrrhocorax,Red-billed Chough,0.9115,1
1945.0,1948.0,00:32:25.000,00:32:28.000,Corvus macrorhynchos,Large-billed Crow,0.5813,1
1948.0,1950.0,00:32:28.000,00:32:30.000,Corvus macrorhynchos,Large-billed Crow,0.9118,1
1963.0,1966.0,00:32:43.000,00:32:46.000,Corvus macrorhynchos,Large-billed Crow,0.2648,1
1966.0,1969.0,00:32:46.000,00:32:49.000,Corvus macrorhynchos,Large-billed Crow,0.3421,1
1978.0,1980.0,00:32:58.000,00:33:00.000,Corvus macrorhynchos,Large-billed Crow,0.5904,1
1993.0,1996.0,00:33:13.000,00:33:16.000,Corvus macrorhynchos,Large-billed Crow,0.9079,1
1996.0,1999.0,00:33:16.000,00:33:19.000,Corvus macrorhynchos,Large-billed Crow,0.8769,1
2002.0,2005.0,00:33:22.000,00:33:25.000,Pyrrhocorax pyrrhocorax,Red-billed Chough,0.8689,1
2008.0,2011.0,00:33:28.000,00:33:31.000,Pyrrhocorax pyrrhocorax,Red-billed Chough,0.7404,1
2011.0,2014.0,00:33:31.000,00:33:34.000,Botaurus stellaris,Great Bittern,0.5244,1
2052.0,2055.0,00:34:12.000,00:34:15.000,Botaurus stellaris,Great Bittern,0.569,1
2223.0,2226.0,00:37:03.000,00:37:06.000,Pyrrhocorax pyrrhocorax,Red-billed Chough,0.8204,1
2226.0,2229.0,00:37:06.000,00:37:09.000,Mareca penelope,Eurasian Wigeon,0.4434,1
2280.0,2283.0,00:38:00.000,00:38:03.000,Pyrrhocorax pyrrhocorax,Red-billed Chough,0.9018,1
2283.0,2286.0,00:38:03.000,00:38:06.000,Pyrrhocorax pyrrhocorax,Red-billed Chough,0.6829,1
2286.0,2289.0,00:38:06.000,00:38:09.000,Pyrrhocorax pyrrhocorax,Red-billed Chough,0.4448,1
2303.0,2306.0,00:38:23.000,00:38:26.000,Pyrrhocorax pyrrhocorax,Red-billed Chough,0.9948,1
2306.0,2309.0,00:38:26.000,00:38:29.000,Pyrrhocorax pyrrhocorax,Red-billed Chough,0.9988,1
2400.0,2403.0,00:40:00.000,00:40:03.000,Corvus macrorhynchos,Large-billed Crow,0.5425,1
2403.0,2406.0,00:40:03.000,00:40:06.000,Corvus macrorhynchos,Large-billed Crow,0.377,1
2406.0,2409.0,00:40:06.000,00:40:09.000,Pyrrhocorax pyrrhocorax,Red-billed Chough,0.9601,1
2420.0,2423.0,00:40:20.000,00:40:23.000,Pyrrhocorax pyrrhocorax,Red-billed Chough,0.9916,1
2429.0,2432.0,00:40:29.000,00:40:32.000,Pyrrhocorax pyrrhocorax,Red-billed Chough,0.9863,1
2432.0,2435.0,00:40:32.000,00:40:35.000,Pyrrhocorax pyrrhocorax,Red-billed Chough,0.9985,1
2435.0,2438.0,00:40:35.000,00:40:38.000,Pyrrhocorax pyrrhocorax,Red-billed Chough,0.9998,1
2438.0,2441.0,00:40:38.000,00:40:41.000,Pyrrhocorax pyrrhocorax,Red-billed Chough,0.9992,1
2441.0,2444.0,00:40:41.000,00:40:44.000,Pyrrhocorax pyrrhocorax,Red-billed Chough,0.9986,1
2444.0,2447.0,00:40:44.000,00:40:47.000,Pyrrhocorax pyrrhocorax,Red-billed Chough,0.9952,1
2447.0,2450.0,00:40:47.000,00:40:50.000,Pyrrhocorax pyrrhocorax,Red-billed Chough,0.9997,1
2660.0,2663.0,00:44:20.000,00:44:23.000,Fulica atra,Eurasian Coot,0.3005,1
2663.0,2666.0,00:44:23.000,00:44:26.000,Pyrrhocorax pyrrhocorax,Red-billed Chough,0.9455,1
2686.0,2689.0,00:44:46.000,00:44:49.000,Pyrrhocorax pyrrhocorax,Red-billed Chough,0.9469,1
2689.0,2692.0,00:44:49.000,00:44:52.000,Pyrrhocorax pyrrhocorax,Red-billed Chough,0.9465,1
2692.0,2695.0,00:44:52.000,00:44:55.000,Pyrrhocorax pyrrhocorax,Red-billed Chough,0.6956,1
2698.0,2701.0,00:44:58.000,00:45:01.000,Pyrrhocorax pyrrhocorax,Red-billed Chough,0.998,1
2704.0,2707.0,00:45:04.000,00:45:07.000,Corvus macrorhynchos,Large-billed Crow,0.5992,1
2707.0,2710.0,00:45:07.000,00:45:10.000,Pyrrhocorax pyrrhocorax,Red-billed Chough,0.2537,1
2710.0,2713.0,00:45:10.000,00:45:13.000,Pyrrhocorax pyrrhocorax,Red-billed Chough,0.7887,1
2713.0,2716.0,00:45:13.000,00:45:16.000,Pyrrhocorax pyrrhocorax,Red-billed Chough,0.9668,1
2846.0,2849.0,00:47:26.000,00:47:29.000,Pyrrhocorax pyrrhocorax,Red-billed Chough,0.9977,1
2900.0,2903.0,00:48:20.000,00:48:23.000,Pyrrhocorax pyrrhocorax,Red-billed Chough,0.8377,1
2903.0,2906.0,00:48:23.000,00:48:26.000,Pyrrhocorax pyrrhocorax,Red-billed Chough,0.9311,1
2906.0,2909.0,00:48:26.000,00:48:29.000,Pyrrhocorax pyrrhocorax,Red-billed Chough,0.9732,1
2912.0,2915.0,00:48:32.000,00:48:35.000,Pyrrhocorax pyrrhocorax,Red-billed Chough,0.9968,1
2918.0,2921.0,00:48:38.000,00:48:41.000,Pyrrhocorax pyrrhocorax,Red-billed Chough,0.9823,1
2924.0,2927.0,00:48:44.000,00:48:47.000,Pyrrhocorax pyrrhocorax,Red-billed Chough,0.9054,1
2930.0,2933.0,00:48:50.000,00:48:53.000,Pyrrhocorax pyrrhocorax,Red-billed Chough,0.9768,1
2933.0,2936.0,00:48:53.000,00:48:56.000,Pyrrhocorax pyrrhocorax,Red-billed Chough,0.8167,1
2936.0,2939.0,00:48:56.000,00:48:59.000,Pyrrhocorax pyrrhocorax,Red-billed Chough,0.9148,1
2963.0,2966.0,00:49:23.000,00:49:26.000,Pyrrhocorax pyrrhocorax,Red-billed Chough,0.4208,1
2983.0,2986.0,00:49:43.000,00:49:46.000,Pyrrhocorax pyrrhocorax,Red-billed Chough,0.7499,1
3076.0,3079.0,00:51:16.000,00:51:19.000,Pyrrhocorax pyrrhocorax,Red-billed Chough,0.8418,1
3106.0,3109.0,00:51:46.000,00:51:49.000,Pyrrhocorax pyrrhocorax,Red-billed Chough,0.8686,1
3170.0,3173.0,00:52:50.000,00:52:53.000,Pyrrhocorax pyrrhocorax,Red-billed Chough,0.5984,1
3173.0,3176.0,00:52:53.000,00:52:56.000,Pyrrhocorax pyrrhocorax,Red-billed Chough,0.9791,1
3176.0,3179.0,00:52:56.000,00:52:59.000,Pyrrhocorax pyrrhocorax,Red-billed Chough,0.3214,1
3179.0,3182.0,00:52:59.000,00:53:02.000,Pyrrhocorax pyrrhocorax,Red-billed Chough,0.5314,1
3179.0,3182.0,00:52:59.000,00:53:02.000,Corvus macrorhynchos,Large-billed Crow,0.2765,1
3182.0,3185.0,00:53:02.000,00:53:05.000,Pyrrhocorax pyrrhocorax,Red-billed Chough,0.6104,1
3188.0,3191.0,00:53:08.000,00:53:11.000,Corvus macrorhynchos,Large-billed Crow,0.3207,1
3191.0,3194.0,00:53:11.000,00:53:14.000,Corvus macrorhynchos,Large-billed Crow,0.4209,1
3194.0,3197.0,00:53:14.000,00:53:17.000,Corvus macrorhynchos,Large-billed Crow,0.4034,1
3197.0,3200.0,00:53:17.000,00:53:20.000,Pyrrhocorax pyrrhocorax,Red-billed Chough,0.9927,1
3360.0,3363.0,00:56:00.000,00:56:03.000,Pyrrhocorax pyrrhocorax,Red-billed Chough,0.604,1
3363.0,3366.0,00:56:03.000,00:56:06.000,Pyrrhocorax pyrrhocorax,Red-billed Chough,0.3532,1
3366.0,3369.0,00:56:06.000,00:56:09.000,Pyrrhocorax pyrrhocorax,Red-billed Chough,0.7889,1
3420.0,3423.0,00:57:00.000,00:57:03.000,Pyrrhocorax pyrrhocorax,Red-billed Chough,0.2768,1
3423.0,3426.0,00:57:03.000,00:57:06.000,Pyrrhocorax pyrrhocorax,Red-billed Chough,0.7564,1
3426.0,3429.0,00:57:06.000,00:57:09.000,Pyrrhocorax pyrrhocorax,Red-billed Chough,0.8025,1
3453.0,3456.0,00:57:33.000,00:57:36.000,Corvus macrorhynchos,Large-billed Crow,0.2707,1
3456.0,3459.0,00:57:36.000,00:57:39.000,Pyrrhocorax pyrrhocorax,Red-billed Chough,0.9753,1
3480.0,3483.0,00:58:00.000,00:58:03.000,Pyrrhocorax pyrrhocorax,Red-billed Chough,0.8598,1
3483.0,3486.0,00:58:03.000,00:58:06.000,Pyrrhocorax pyrrhocorax,Red-billed Chough,0.9293,1
3486.0,3489.0,00:58:06.000,00:58:09.000,Pyrrhocorax pyrrhocorax,Red-billed Chough,0.8715,1
4000.0,4003.0,01:06:40.000,01:06:43.000,Fulica atra,Eurasian Coot,0.3827,1
4070.0,4073.0,01:07:50.000,01:07:53.000,Fulica atra,Eurasian Coot,0.3402,1
4250.0,4253.0,01:10:50.000,01:10:53.000,Pyrrhocorax pyrrhocorax,Red-billed Chough,0.4683,1
4256.0,4259.0,01:10:56.000,01:10:59.000,Pyrrhocorax pyrrhocorax,Red-billed Chough,0.7192,1
4259.0,4262.0,01:10:59.000,01:11:02.000,Pyrrhocorax pyrrhocorax,Red-billed Chough,0.6144,1
4410.0,4413.0,01:13:30.000,01:13:33.000,Pyrrhocorax pyrrhocorax,Red-billed Chough,0.942,1
4416.0,4419.0,01:13:36.000,01:13:39.000,Fulica atra,Eurasian Coot,0.5385,1
4473.0,4476.0,01:14:33.000,01:14:36.000,Pyrrhocorax pyrrhocorax,Red-billed Chough,0.3254,1
4476.0,4479.0,01:14:36.000,01:14:39.000,Pyrrhocorax pyrrhocorax,Red-billed Chough,0.7584,1
4709.0,4712.0,01:18:29.000,01:18:32.000,Pyrrhocorax pyrrhocorax,Red-billed Chough,0.4909,1
4715.0,4718.0,01:18:35.000,01:18:38.000,Pyrrhocorax pyrrhocorax,Red-billed Chough,0.8622,1
4953.0,4956.0,01:22:33.000,01:22:36.000,Pyrrhocorax pyrrhocorax,Red-billed Chough,0.4561,1
5046.0,5049.0,01:24:06.000,01:24:09.000,Pyrrhocorax pyrrhocorax,Red-billed Chough,0.7362,1
5150.0,5153.0,01:25:50.000,01:25:53.000,Pyrrhocorax pyrrhocorax,Red-billed Chough,0.2884,1
5310.0,5313.0,01:28:30.000,01:28:33.000,Pyrrhocorax pyrrhocorax,Red-billed Chough,0.6503,1
5316.0,5319.0,01:28:36.000,01:28:39.000,Pyrrhocorax pyrrhocorax,Red-billed Chough,0.3996,1
5493.0,5496.0,01:31:33.000,01:31:36.000,Pyrrhocorax pyrrhocorax,Red-billed Chough,0.3789,1
5496.0,5499.0,01:31:36.000,01:31:39.000,Pyrrhocorax pyrrhocorax,Red-billed Chough,0.9915,1
6056.0,6059.0,01:40:56.000,01:40:59.000,Botaurus stellaris,Great Bittern,0.8068,1
6065.0,6068.0,01:41:05.000,01:41:08.000,Tadorna ferruginea,Ruddy Shelduck,0.9276,1
7625.0,7628.0,02:07:05.000,02:07:08.000,Anser anser,Graylag Goose,0.3234,1
7670.0,7673.0,02:07:50.000,02:07:53.000,Tadorna ferruginea,Ruddy Shelduck,0.5502,1
7697.0,7700.0,02:08:17.000,02:08:20.000,Anas platyrhynchos,Mallard,0.439,1
8163.0,8166.0,02:16:03.000,02:16:06.000,Fulica atra,Eurasian Coot,0.3629,1
8316.0,8319.0,02:18:36.000,02:18:39.000,Fulica atra,Eurasian Coot,0.6111,1
8530.0,8533.0,02:22:10.000,02:22:13.000,Corvus macrorhynchos,Large-billed Crow,0.3243,1
9430.0,9433.0,02:37:10.000,02:37:13.000,Ardea cinerea,Gray Heron,0.2643,1
9962.0,9965.0,02:46:02.000,02:46:05.000,Botaurus stellaris,Great Bittern,0.363,1
10355.0,10358.0,02:52:35.000,02:52:38.000,Numenius arquata,Eurasian Curlew,0.6843,1
